"","id","condition","rt"
"1",1,"A",101.562269128244
"2",2,"A",95.3185937855648
"3",3,"A",95.4057887351346
"4",4,"A",89.1295557200689
"5",5,"A",109.924624015669
"6",6,"B",59.929230616734
"7",7,"B",148.503970652044
"8",8,"B",103.965882510981
"9",9,"B",92.1280722233576
"10",10,"B",115.117236335988
